tick,avg_vehicle_wait,total_queue,ped_urgency,critical_ped_waits,mode,timestamp
0,1.313,1,3.867,0,BASELINE,2026-03-25T10:49:54.3300807
1,2.516,2,3.080,0,BASELINE,2026-03-25T10:49:54.3330838
2,3.797,3,2.973,0,BASELINE,2026-03-25T10:49:54.3340769
3,5.063,5,3.733,0,BASELINE,2026-03-25T10:49:54.3340769
4,6.219,6,3.920,0,BASELINE,2026-03-25T10:49:54.3350812
5,7.406,7,2.813,0,BASELINE,2026-03-25T10:49:54.3350812
6,8.672,8,3.447,0,BASELINE,2026-03-25T10:49:54.3350812
7,9.922,9,3.513,0,BASELINE,2026-03-25T10:49:54.3370786
8,11.250,11,3.480,0,BASELINE,2026-03-25T10:49:54.338079
9,12.469,12,4.367,0,BASELINE,2026-03-25T10:49:54.338079
10,13.594,13,3.560,0,BASELINE,2026-03-25T10:49:54.338079
11,14.813,14,3.240,0,BASELINE,2026-03-25T10:49:54.3390842
12,15.766,15,3.407,0,BASELINE,2026-03-25T10:49:54.3390842
13,16.359,16,4.020,0,BASELINE,2026-03-25T10:49:54.3390842
14,16.594,16,4.840,0,BASELINE,2026-03-25T10:49:54.3400756
15,16.766,16,4.073,0,BASELINE,2026-03-25T10:49:54.3410768
16,16.891,16,4.980,0,BASELINE,2026-03-25T10:49:54.3410768
17,17.031,17,4.067,0,BASELINE,2026-03-25T10:49:54.3420768
18,17.141,17,4.567,0,BASELINE,2026-03-25T10:49:54.3420768
19,17.281,17,3.900,0,BASELINE,2026-03-25T10:49:54.3430765
20,17.469,17,5.080,0,BASELINE,2026-03-25T10:49:54.3430765
21,17.563,17,4.333,0,BASELINE,2026-03-25T10:49:54.3430765
22,17.703,17,4.993,0,BASELINE,2026-03-25T10:49:54.3430765
23,17.844,17,4.267,0,BASELINE,2026-03-25T10:49:54.3440779
24,17.969,17,5.247,0,BASELINE,2026-03-25T10:49:54.3440779
25,18.109,18,5.627,0,BASELINE,2026-03-25T10:49:54.3450773
26,18.234,18,4.540,0,BASELINE,2026-03-25T10:49:54.3450773
27,18.344,18,5.613,0,BASELINE,2026-03-25T10:49:54.3450773
28,18.422,18,5.087,0,BASELINE,2026-03-25T10:49:54.3450773
29,15.875,15,4.607,0,BASELINE,2026-03-25T10:49:54.3460862
30,16.250,16,5.600,0,BASELINE,2026-03-25T10:49:54.3460862
31,16.594,16,7.120,0,BASELINE,2026-03-25T10:49:54.3460862
32,17.016,17,5.847,0,BASELINE,2026-03-25T10:49:54.3470765
33,17.375,17,5.953,0,BASELINE,2026-03-25T10:49:54.3470765
34,17.734,17,7.247,0,BASELINE,2026-03-25T10:49:54.3480866
35,18.125,18,6.820,0,BASELINE,2026-03-25T10:49:54.3480866
36,18.469,18,6.060,0,BASELINE,2026-03-25T10:49:54.349078
37,18.828,18,4.913,0,BASELINE,2026-03-25T10:49:54.349078
38,19.156,19,6.087,0,BASELINE,2026-03-25T10:49:54.3500781
39,19.438,19,6.640,0,BASELINE,2026-03-25T10:49:54.3500781
40,19.734,19,6.093,0,BASELINE,2026-03-25T10:49:54.3500781
41,19.859,19,6.980,0,BASELINE,2026-03-25T10:49:54.3510768
42,19.938,19,6.887,0,BASELINE,2026-03-25T10:49:54.3510768
43,19.984,19,6.787,0,BASELINE,2026-03-25T10:49:54.3510768
44,20.000,20,6.767,0,BASELINE,2026-03-25T10:49:54.3510768
45,20.000,20,6.867,0,BASELINE,2026-03-25T10:49:54.3520766
46,20.000,20,6.573,0,BASELINE,2026-03-25T10:49:54.3520766
47,20.000,20,7.080,0,BASELINE,2026-03-25T10:49:54.3520766
48,20.000,20,7.027,0,BASELINE,2026-03-25T10:49:54.3530821
49,20.000,20,7.873,0,BASELINE,2026-03-25T10:49:54.3530821
50,20.000,20,7.967,0,BASELINE,2026-03-25T10:49:54.3530821
51,20.000,20,6.480,0,BASELINE,2026-03-25T10:49:54.3540777
52,20.000,20,6.947,0,BASELINE,2026-03-25T10:49:54.3550792
53,20.000,20,6.993,0,BASELINE,2026-03-25T10:49:54.3550792
54,20.000,20,8.147,0,BASELINE,2026-03-25T10:49:54.3550792
55,20.000,20,6.947,0,BASELINE,2026-03-25T10:49:54.3550792
56,20.000,20,8.973,0,BASELINE,2026-03-25T10:49:54.3550792
57,20.000,20,7.613,0,BASELINE,2026-03-25T10:49:54.3560819
58,20.000,20,7.407,0,BASELINE,2026-03-25T10:49:54.3560819
59,17.250,17,9.673,0,BASELINE,2026-03-25T10:49:54.3560819
60,17.625,17,7.647,0,BASELINE,2026-03-25T10:49:54.3560819
61,17.984,17,9.473,2,BASELINE,2026-03-25T10:49:54.3570766
62,18.391,18,8.273,4,BASELINE,2026-03-25T10:49:54.3570766
63,18.766,18,10.380,7,BASELINE,2026-03-25T10:49:54.3580822
64,19.031,19,8.813,8,BASELINE,2026-03-25T10:49:54.3580822
65,19.406,19,8.967,10,BASELINE,2026-03-25T10:49:54.3580822
66,19.703,19,7.633,12,BASELINE,2026-03-25T10:49:54.3580822
67,19.906,19,8.760,15,BASELINE,2026-03-25T10:49:54.3580822
68,19.969,19,8.080,14,BASELINE,2026-03-25T10:49:54.3580822
69,19.984,19,8.740,15,BASELINE,2026-03-25T10:49:54.3590773
70,20.000,20,10.180,16,BASELINE,2026-03-25T10:49:54.3590773
71,20.000,20,8.260,15,BASELINE,2026-03-25T10:49:54.3590773
72,20.000,20,8.880,15,BASELINE,2026-03-25T10:49:54.3590773
73,20.000,20,9.020,15,BASELINE,2026-03-25T10:49:54.3590773
74,20.000,20,8.220,14,BASELINE,2026-03-25T10:49:54.3590773
75,20.000,20,9.380,15,BASELINE,2026-03-25T10:49:54.3590773
76,20.000,20,8.940,16,BASELINE,2026-03-25T10:49:54.3600763
77,20.000,20,8.680,16,BASELINE,2026-03-25T10:49:54.3600763
78,20.000,20,7.900,14,BASELINE,2026-03-25T10:49:54.3600763
79,20.000,20,9.340,15,BASELINE,2026-03-25T10:49:54.3600763
80,20.000,20,8.340,14,BASELINE,2026-03-25T10:49:54.3600763
81,20.000,20,8.080,15,BASELINE,2026-03-25T10:49:54.3610821
82,20.000,20,9.600,16,BASELINE,2026-03-25T10:49:54.3610821
83,20.000,20,7.960,14,BASELINE,2026-03-25T10:49:54.3610821
84,20.000,20,8.180,15,BASELINE,2026-03-25T10:49:54.3610821
85,20.000,20,8.540,14,BASELINE,2026-03-25T10:49:54.3610821
86,20.000,20,7.260,13,BASELINE,2026-03-25T10:49:54.3610821
87,20.000,20,9.320,16,BASELINE,2026-03-25T10:49:54.3610821
88,20.000,20,8.600,15,BASELINE,2026-03-25T10:49:54.3620882
89,17.250,17,7.100,13,BASELINE,2026-03-25T10:49:54.3620882
90,17.625,17,9.700,16,BASELINE,2026-03-25T10:49:54.3620882
91,18.000,18,9.380,16,BASELINE,2026-03-25T10:49:54.3620882
92,18.359,18,9.360,15,BASELINE,2026-03-25T10:49:54.3630769
93,18.766,18,9.140,15,BASELINE,2026-03-25T10:49:54.3640782
94,19.109,19,9.060,15,BASELINE,2026-03-25T10:49:54.3640782
95,19.500,19,9.200,16,BASELINE,2026-03-25T10:49:54.3640782
96,19.766,19,7.960,14,BASELINE,2026-03-25T10:49:54.3640782
97,19.938,19,7.780,13,BASELINE,2026-03-25T10:49:54.3640782
98,20.000,20,8.300,15,BASELINE,2026-03-25T10:49:54.3640782
99,20.000,20,8.740,15,BASELINE,2026-03-25T10:49:54.3650818
100,20.000,20,8.600,15,BASELINE,2026-03-25T10:49:54.3650818
101,20.000,20,9.460,16,BASELINE,2026-03-25T10:49:54.3660775
102,20.000,20,8.500,15,BASELINE,2026-03-25T10:49:54.3660775
103,20.000,20,9.680,16,BASELINE,2026-03-25T10:49:54.3670843
104,20.000,20,8.440,16,BASELINE,2026-03-25T10:49:54.3670843
105,20.000,20,8.900,14,BASELINE,2026-03-25T10:49:54.3670843
106,20.000,20,9.440,16,BASELINE,2026-03-25T10:49:54.3670843
107,20.000,20,10.260,16,BASELINE,2026-03-25T10:49:54.3670843
108,20.000,20,8.880,14,BASELINE,2026-03-25T10:49:54.3670843
109,20.000,20,7.500,14,BASELINE,2026-03-25T10:49:54.3680778
110,20.000,20,9.560,16,BASELINE,2026-03-25T10:49:54.3680778
111,20.000,20,9.280,15,BASELINE,2026-03-25T10:49:54.3680778
112,20.000,20,9.040,14,BASELINE,2026-03-25T10:49:54.3680778
113,20.000,20,7.900,14,BASELINE,2026-03-25T10:49:54.3680778
114,20.000,20,9.680,16,BASELINE,2026-03-25T10:49:54.3690943
115,20.000,20,10.060,16,BASELINE,2026-03-25T10:49:54.3690943
116,20.000,20,7.900,15,BASELINE,2026-03-25T10:49:54.3690943
117,20.000,20,8.700,15,BASELINE,2026-03-25T10:49:54.3690943
118,20.000,20,8.580,15,BASELINE,2026-03-25T10:49:54.3690943
119,17.250,17,0.000,0,BASELINE,2026-03-25T10:49:54.3700771
120,17.625,17,2.493,0,BASELINE,2026-03-25T10:49:54.3700771
121,18.016,18,2.300,0,BASELINE,2026-03-25T10:49:54.3700771
122,18.375,18,2.487,0,BASELINE,2026-03-25T10:49:54.371077
123,18.719,18,3.360,0,BASELINE,2026-03-25T10:49:54.371077
124,19.094,19,3.320,0,BASELINE,2026-03-25T10:49:54.371077
125,19.484,19,3.987,0,BASELINE,2026-03-25T10:49:54.371077
126,19.828,19,3.867,0,BASELINE,2026-03-25T10:49:54.371077
127,19.953,19,4.140,0,BASELINE,2026-03-25T10:49:54.371077
128,20.000,20,3.180,0,BASELINE,2026-03-25T10:49:54.371077
129,20.000,20,3.387,0,BASELINE,2026-03-25T10:49:54.371077
130,20.000,20,3.367,0,BASELINE,2026-03-25T10:49:54.3720767
131,20.000,20,3.253,0,BASELINE,2026-03-25T10:49:54.3720767
132,20.000,20,4.187,0,BASELINE,2026-03-25T10:49:54.3720767
133,20.000,20,4.033,0,BASELINE,2026-03-25T10:49:54.3720767
134,20.000,20,4.580,0,BASELINE,2026-03-25T10:49:54.3720767
135,20.000,20,3.060,0,BASELINE,2026-03-25T10:49:54.3730769
136,20.000,20,4.707,0,BASELINE,2026-03-25T10:49:54.3730769
137,20.000,20,5.013,0,BASELINE,2026-03-25T10:49:54.3730769
138,20.000,20,4.253,0,BASELINE,2026-03-25T10:49:54.3730769
139,20.000,20,4.507,0,BASELINE,2026-03-25T10:49:54.3730769
140,20.000,20,4.420,0,BASELINE,2026-03-25T10:49:54.3730769
141,20.000,20,4.327,0,BASELINE,2026-03-25T10:49:54.3730769
142,20.000,20,5.320,0,BASELINE,2026-03-25T10:49:54.3730769
143,20.000,20,4.093,0,BASELINE,2026-03-25T10:49:54.374077
144,20.000,20,5.593,0,BASELINE,2026-03-25T10:49:54.374077
145,20.000,20,5.520,0,BASELINE,2026-03-25T10:49:54.374077
146,20.000,20,5.513,0,BASELINE,2026-03-25T10:49:54.374077
147,20.000,20,5.087,0,BASELINE,2026-03-25T10:49:54.374077
148,20.000,20,5.573,0,BASELINE,2026-03-25T10:49:54.374077
149,20.000,20,5.327,0,BASELINE,2026-03-25T10:49:54.374077
150,20.000,20,5.800,0,BASELINE,2026-03-25T10:49:54.374077
151,20.000,20,5.987,0,BASELINE,2026-03-25T10:49:54.3750821
152,20.000,20,5.267,0,BASELINE,2026-03-25T10:49:54.3750821
153,20.000,20,7.093,0,BASELINE,2026-03-25T10:49:54.3750821
154,20.000,20,5.527,0,BASELINE,2026-03-25T10:49:54.3750821
155,20.000,20,6.220,0,BASELINE,2026-03-25T10:49:54.3750821
156,20.000,20,5.740,0,BASELINE,2026-03-25T10:49:54.3750821
157,20.000,20,7.027,0,BASELINE,2026-03-25T10:49:54.3750821
158,20.000,20,6.680,0,BASELINE,2026-03-25T10:49:54.3750821
159,20.000,20,7.507,0,BASELINE,2026-03-25T10:49:54.3750821
160,20.000,20,5.840,0,BASELINE,2026-03-25T10:49:54.3750821
161,20.000,20,5.953,0,BASELINE,2026-03-25T10:49:54.3760768
162,20.000,20,6.887,0,BASELINE,2026-03-25T10:49:54.3760768
163,20.000,20,6.973,0,BASELINE,2026-03-25T10:49:54.3760768
164,17.250,17,6.813,0,BASELINE,2026-03-25T10:49:54.3760768
165,17.641,17,7.047,0,BASELINE,2026-03-25T10:49:54.3760768
166,18.031,18,6.613,0,BASELINE,2026-03-25T10:49:54.3760768
167,18.422,18,6.427,0,BASELINE,2026-03-25T10:49:54.3760768
168,18.766,18,6.393,0,BASELINE,2026-03-25T10:49:54.3760768
169,19.156,19,7.627,0,BASELINE,2026-03-25T10:49:54.3760768
170,19.531,19,6.967,0,BASELINE,2026-03-25T10:49:54.3760768
171,19.859,19,7.773,0,BASELINE,2026-03-25T10:49:54.3760768
172,19.969,19,8.380,0,BASELINE,2026-03-25T10:49:54.3770815
173,20.000,20,6.740,0,BASELINE,2026-03-25T10:49:54.3770815
174,20.000,20,8.060,0,BASELINE,2026-03-25T10:49:54.3770815
175,20.000,20,8.613,0,BASELINE,2026-03-25T10:49:54.3770815
176,20.000,20,7.060,0,BASELINE,2026-03-25T10:49:54.3770815
177,20.000,20,8.487,0,BASELINE,2026-03-25T10:49:54.3770815
178,20.000,20,8.100,0,BASELINE,2026-03-25T10:49:54.3770815
179,20.000,20,9.807,0,BASELINE,2026-03-25T10:49:54.3770815
180,20.000,20,8.260,1,BASELINE,2026-03-25T10:49:54.3770815
181,20.000,20,7.073,3,BASELINE,2026-03-25T10:49:54.3770815
182,20.000,20,9.340,7,BASELINE,2026-03-25T10:49:54.3780814
183,20.000,20,9.053,8,BASELINE,2026-03-25T10:49:54.3780814
184,20.000,20,7.320,8,BASELINE,2026-03-25T10:49:54.3780814
185,20.000,20,10.620,10,BASELINE,2026-03-25T10:49:54.3780814
186,20.000,20,9.393,11,BASELINE,2026-03-25T10:49:54.3780814
187,20.000,20,10.047,11,BASELINE,2026-03-25T10:49:54.3780814
188,20.000,20,9.040,10,BASELINE,2026-03-25T10:49:54.3780814
189,20.000,20,8.733,11,BASELINE,2026-03-25T10:49:54.3780814
190,20.000,20,9.280,14,BASELINE,2026-03-25T10:49:54.3780814
191,20.000,20,9.300,16,BASELINE,2026-03-25T10:49:54.3780814
192,20.000,20,9.700,16,BASELINE,2026-03-25T10:49:54.3780814
193,20.000,20,9.160,16,BASELINE,2026-03-25T10:49:54.3780814
194,17.250,17,8.360,15,BASELINE,2026-03-25T10:49:54.3790778
195,17.500,17,8.160,14,BASELINE,2026-03-25T10:49:54.3790778
196,17.891,17,8.080,13,BASELINE,2026-03-25T10:49:54.3790778
197,18.297,18,8.000,16,BASELINE,2026-03-25T10:49:54.3800785
198,18.672,18,8.880,15,BASELINE,2026-03-25T10:49:54.3800785
199,19.063,19,8.100,14,BASELINE,2026-03-25T10:49:54.3800785
200,19.438,19,8.420,15,BASELINE,2026-03-25T10:49:54.3800785
201,19.797,19,8.840,16,BASELINE,2026-03-25T10:49:54.3830896
202,19.922,19,8.780,15,BASELINE,2026-03-25T10:49:54.3830896
203,19.984,19,9.060,15,BASELINE,2026-03-25T10:49:54.3840788
204,20.000,20,9.080,15,BASELINE,2026-03-25T10:49:54.3840788
205,20.000,20,9.840,16,BASELINE,2026-03-25T10:49:54.3840788
206,20.000,20,8.300,15,BASELINE,2026-03-25T10:49:54.3840788
207,20.000,20,8.540,15,BASELINE,2026-03-25T10:49:54.3840788
208,20.000,20,9.420,15,BASELINE,2026-03-25T10:49:54.3850773
209,20.000,20,8.100,14,BASELINE,2026-03-25T10:49:54.3850773
210,20.000,20,8.940,16,BASELINE,2026-03-25T10:49:54.3850773
211,20.000,20,8.320,15,BASELINE,2026-03-25T10:49:54.3850773
212,20.000,20,7.820,14,BASELINE,2026-03-25T10:49:54.3850773
213,20.000,20,8.600,15,BASELINE,2026-03-25T10:49:54.3850773
214,20.000,20,9.320,16,BASELINE,2026-03-25T10:49:54.3850773
215,20.000,20,8.960,15,BASELINE,2026-03-25T10:49:54.3860778
216,20.000,20,7.920,15,BASELINE,2026-03-25T10:49:54.3860778
217,20.000,20,8.360,15,BASELINE,2026-03-25T10:49:54.3860778
218,20.000,20,10.460,16,BASELINE,2026-03-25T10:49:54.3860778
219,20.000,20,7.280,14,BASELINE,2026-03-25T10:49:54.3860778
220,20.000,20,7.800,15,BASELINE,2026-03-25T10:49:54.3860778
221,20.000,20,9.060,15,BASELINE,2026-03-25T10:49:54.3860778
222,20.000,20,8.000,14,BASELINE,2026-03-25T10:49:54.3860778
223,20.000,20,9.560,16,BASELINE,2026-03-25T10:49:54.3860778
224,17.250,17,9.180,16,BASELINE,2026-03-25T10:49:54.3860778
225,17.594,17,8.360,15,BASELINE,2026-03-25T10:49:54.3860778
226,17.969,17,8.500,15,BASELINE,2026-03-25T10:49:54.3860778
227,18.344,18,9.520,16,BASELINE,2026-03-25T10:49:54.387076
228,18.688,18,8.820,14,BASELINE,2026-03-25T10:49:54.3880773
229,19.063,19,9.940,16,BASELINE,2026-03-25T10:49:54.3880773
230,19.438,19,9.020,15,BASELINE,2026-03-25T10:49:54.3880773
231,19.750,19,8.980,16,BASELINE,2026-03-25T10:49:54.3880773
232,19.922,19,8.040,14,BASELINE,2026-03-25T10:49:54.3880773
233,20.000,20,8.060,14,BASELINE,2026-03-25T10:49:54.3880773
234,20.000,20,8.160,14,BASELINE,2026-03-25T10:49:54.3880773
235,20.000,20,9.100,15,BASELINE,2026-03-25T10:49:54.3880773
236,20.000,20,8.040,14,BASELINE,2026-03-25T10:49:54.3880773
237,20.000,20,9.540,16,BASELINE,2026-03-25T10:49:54.3892773
238,20.000,20,8.740,15,BASELINE,2026-03-25T10:49:54.3892773
239,20.000,20,7.820,13,BASELINE,2026-03-25T10:49:54.3892773
240,20.000,20,7.800,14,BASELINE,2026-03-25T10:49:54.3892773
241,20.000,20,8.380,14,BASELINE,2026-03-25T10:49:54.3892773
242,20.000,20,8.820,15,BASELINE,2026-03-25T10:49:54.3892773
243,20.000,20,8.180,14,BASELINE,2026-03-25T10:49:54.3892773
244,20.000,20,9.600,15,BASELINE,2026-03-25T10:49:54.3892773
245,20.000,20,8.020,14,BASELINE,2026-03-25T10:49:54.3892773
246,20.000,20,8.220,15,BASELINE,2026-03-25T10:49:54.3892773
247,20.000,20,8.640,15,BASELINE,2026-03-25T10:49:54.3892773
248,20.000,20,9.060,15,BASELINE,2026-03-25T10:49:54.3892773
249,20.000,20,9.400,16,BASELINE,2026-03-25T10:49:54.3892773
250,20.000,20,8.000,13,BASELINE,2026-03-25T10:49:54.3892773
251,20.000,20,10.700,16,BASELINE,2026-03-25T10:49:54.3902752
252,20.000,20,8.420,15,BASELINE,2026-03-25T10:49:54.3902752
253,20.000,20,8.880,16,BASELINE,2026-03-25T10:49:54.3902752
254,17.250,17,0.000,0,BASELINE,2026-03-25T10:49:54.3902752
255,17.609,17,2.987,0,BASELINE,2026-03-25T10:49:54.3902752
256,17.906,17,2.067,0,BASELINE,2026-03-25T10:49:54.3902752
257,18.313,18,3.287,0,BASELINE,2026-03-25T10:49:54.3902752
258,18.703,18,2.213,0,BASELINE,2026-03-25T10:49:54.3902752
259,19.094,19,3.127,0,BASELINE,2026-03-25T10:49:54.3902752
260,19.469,19,3.600,0,BASELINE,2026-03-25T10:49:54.3902752
261,19.766,19,3.887,0,BASELINE,2026-03-25T10:49:54.3912813
262,19.984,19,3.973,0,BASELINE,2026-03-25T10:49:54.3912813
263,20.000,20,4.060,0,BASELINE,2026-03-25T10:49:54.3912813
264,20.000,20,4.460,0,BASELINE,2026-03-25T10:49:54.3912813
265,20.000,20,4.067,0,BASELINE,2026-03-25T10:49:54.3912813
266,20.000,20,4.080,0,BASELINE,2026-03-25T10:49:54.3912813
267,20.000,20,3.927,0,BASELINE,2026-03-25T10:49:54.3912813
268,20.000,20,5.687,0,BASELINE,2026-03-25T10:49:54.3912813
269,20.000,20,3.833,0,BASELINE,2026-03-25T10:49:54.3922751
270,20.000,20,4.493,0,BASELINE,2026-03-25T10:49:54.3922751
271,20.000,20,4.433,0,BASELINE,2026-03-25T10:49:54.3922751
272,20.000,20,4.687,0,BASELINE,2026-03-25T10:49:54.3922751
273,20.000,20,4.860,0,BASELINE,2026-03-25T10:49:54.3922751
274,20.000,20,4.687,0,BASELINE,2026-03-25T10:49:54.3922751
275,20.000,20,4.287,0,BASELINE,2026-03-25T10:49:54.3922751
276,20.000,20,4.467,0,BASELINE,2026-03-25T10:49:54.3922751
277,20.000,20,4.480,0,BASELINE,2026-03-25T10:49:54.3922751
278,20.000,20,4.307,0,BASELINE,2026-03-25T10:49:54.3922751
279,20.000,20,4.967,0,BASELINE,2026-03-25T10:49:54.3932817
280,20.000,20,5.360,0,BASELINE,2026-03-25T10:49:54.3932817
281,20.000,20,5.613,0,BASELINE,2026-03-25T10:49:54.3932817
282,20.000,20,4.820,0,BASELINE,2026-03-25T10:49:54.3932817
283,20.000,20,5.313,0,BASELINE,2026-03-25T10:49:54.3932817
284,20.000,20,5.780,0,BASELINE,2026-03-25T10:49:54.3932817
285,20.000,20,6.320,0,BASELINE,2026-03-25T10:49:54.3932817
286,20.000,20,5.987,0,BASELINE,2026-03-25T10:49:54.3932817
287,20.000,20,5.380,0,BASELINE,2026-03-25T10:49:54.3932817
288,20.000,20,6.553,0,BASELINE,2026-03-25T10:49:54.3932817
289,20.000,20,7.220,0,BASELINE,2026-03-25T10:49:54.3932817
290,20.000,20,5.673,0,BASELINE,2026-03-25T10:49:54.3932817
291,20.000,20,6.113,0,BASELINE,2026-03-25T10:49:54.3932817
292,20.000,20,5.900,0,BASELINE,2026-03-25T10:49:54.3932817
293,20.000,20,6.460,0,BASELINE,2026-03-25T10:49:54.3942818
294,20.000,20,7.587,0,BASELINE,2026-03-25T10:49:54.3942818
295,20.000,20,6.513,0,BASELINE,2026-03-25T10:49:54.3942818
296,20.000,20,6.367,0,BASELINE,2026-03-25T10:49:54.3942818
297,20.000,20,8.453,0,BASELINE,2026-03-25T10:49:54.3942818
298,20.000,20,8.313,0,BASELINE,2026-03-25T10:49:54.3942818
299,17.250,17,6.740,0,BASELINE,2026-03-25T10:49:54.3942818
300,17.656,17,7.533,0,BASELINE,2026-03-25T10:49:54.3957137
301,18.031,18,6.987,0,BASELINE,2026-03-25T10:49:54.3970579
302,18.406,18,6.747,0,BASELINE,2026-03-25T10:49:54.3970579
303,18.766,18,8.407,0,BASELINE,2026-03-25T10:49:54.3970579
304,19.156,19,8.147,0,BASELINE,2026-03-25T10:49:54.3970579
305,19.500,19,8.273,0,BASELINE,2026-03-25T10:49:54.3970579
306,19.906,19,6.713,0,BASELINE,2026-03-25T10:49:54.3970579
307,20.000,20,7.507,0,BASELINE,2026-03-25T10:49:54.3970579
308,20.000,20,7.653,0,BASELINE,2026-03-25T10:49:54.3970579
309,20.000,20,8.427,0,BASELINE,2026-03-25T10:49:54.3970579
310,20.000,20,8.473,0,BASELINE,2026-03-25T10:49:54.3970579
311,20.000,20,9.700,0,BASELINE,2026-03-25T10:49:54.3981449
312,20.000,20,8.727,0,BASELINE,2026-03-25T10:49:54.3981449
313,20.000,20,7.833,0,BASELINE,2026-03-25T10:49:54.3981449
314,20.000,20,8.300,0,BASELINE,2026-03-25T10:49:54.3981449
315,20.000,20,8.460,0,BASELINE,2026-03-25T10:49:54.3981449
316,20.000,20,8.807,1,BASELINE,2026-03-25T10:49:54.3993521
317,20.000,20,8.060,5,BASELINE,2026-03-25T10:49:54.3993521
318,20.000,20,8.593,7,BASELINE,2026-03-25T10:49:54.3993521
319,20.000,20,8.087,9,BASELINE,2026-03-25T10:49:54.3993521
320,20.000,20,6.793,10,BASELINE,2026-03-25T10:49:54.3993521
321,20.000,20,9.453,13,BASELINE,2026-03-25T10:49:54.3993521
322,20.000,20,8.107,13,BASELINE,2026-03-25T10:49:54.3993521
323,20.000,20,8.533,14,BASELINE,2026-03-25T10:49:54.400377
324,20.000,20,7.820,13,BASELINE,2026-03-25T10:49:54.400377
325,20.000,20,8.940,15,BASELINE,2026-03-25T10:49:54.400377
326,20.000,20,7.440,12,BASELINE,2026-03-25T10:49:54.400377
327,20.000,20,8.560,16,BASELINE,2026-03-25T10:49:54.400377
328,20.000,20,7.860,14,BASELINE,2026-03-25T10:49:54.400377
329,17.250,17,8.740,15,BASELINE,2026-03-25T10:49:54.400377
330,17.641,17,10.440,16,BASELINE,2026-03-25T10:49:54.400377
331,17.969,17,8.420,15,BASELINE,2026-03-25T10:49:54.400377
332,18.297,18,8.720,15,BASELINE,2026-03-25T10:49:54.400377
333,18.656,18,9.200,16,BASELINE,2026-03-25T10:49:54.400377
334,19.016,19,7.380,13,BASELINE,2026-03-25T10:49:54.400377
335,19.375,19,8.000,14,BASELINE,2026-03-25T10:49:54.400377
336,19.672,19,8.360,15,BASELINE,2026-03-25T10:49:54.4018578
337,19.891,19,7.840,14,BASELINE,2026-03-25T10:49:54.4018578
338,19.984,19,8.780,15,BASELINE,2026-03-25T10:49:54.4018578
339,20.000,20,8.700,15,BASELINE,2026-03-25T10:49:54.4018578
340,20.000,20,8.800,16,BASELINE,2026-03-25T10:49:54.4018578
341,20.000,20,9.560,16,BASELINE,2026-03-25T10:49:54.4018578
342,20.000,20,8.900,16,BASELINE,2026-03-25T10:49:54.4018578
343,20.000,20,8.300,14,BASELINE,2026-03-25T10:49:54.4028654
344,20.000,20,8.120,13,BASELINE,2026-03-25T10:49:54.4028654
345,20.000,20,8.060,14,BASELINE,2026-03-25T10:49:54.4028654
346,20.000,20,8.340,14,BASELINE,2026-03-25T10:49:54.4028654
347,20.000,20,8.580,16,BASELINE,2026-03-25T10:49:54.4028654
348,20.000,20,9.220,16,BASELINE,2026-03-25T10:49:54.4028654
349,20.000,20,9.080,15,BASELINE,2026-03-25T10:49:54.4028654
350,20.000,20,8.160,15,BASELINE,2026-03-25T10:49:54.4028654
351,20.000,20,9.320,15,BASELINE,2026-03-25T10:49:54.4041811
352,20.000,20,9.440,16,BASELINE,2026-03-25T10:49:54.4041811
353,20.000,20,8.760,14,BASELINE,2026-03-25T10:49:54.4041811
354,20.000,20,9.040,15,BASELINE,2026-03-25T10:49:54.4041811
355,20.000,20,8.560,14,BASELINE,2026-03-25T10:49:54.4041811
356,20.000,20,9.040,16,BASELINE,2026-03-25T10:49:54.4041811
357,20.000,20,9.680,16,BASELINE,2026-03-25T10:49:54.4041811
358,20.000,20,8.960,14,BASELINE,2026-03-25T10:49:54.4041811
359,17.250,17,9.160,15,BASELINE,2026-03-25T10:49:54.4041811
360,17.609,17,8.540,14,BASELINE,2026-03-25T10:49:54.4041811
361,18.047,18,8.720,15,BASELINE,2026-03-25T10:49:54.4041811
362,18.406,18,8.440,16,BASELINE,2026-03-25T10:49:54.4041811
363,18.781,18,7.560,14,BASELINE,2026-03-25T10:49:54.4041811
364,19.172,19,9.600,16,BASELINE,2026-03-25T10:49:54.4054059
365,19.547,19,8.920,15,BASELINE,2026-03-25T10:49:54.4054059
366,19.844,19,7.280,13,BASELINE,2026-03-25T10:49:54.4054059
367,19.938,19,8.800,15,BASELINE,2026-03-25T10:49:54.4054059
368,20.000,20,9.060,15,BASELINE,2026-03-25T10:49:54.4054059
369,20.000,20,8.480,13,BASELINE,2026-03-25T10:49:54.4054059
370,20.000,20,8.560,15,BASELINE,2026-03-25T10:49:54.4064042
371,20.000,20,9.400,16,BASELINE,2026-03-25T10:49:54.4064042
372,20.000,20,10.220,16,BASELINE,2026-03-25T10:49:54.4064042
373,20.000,20,8.220,14,BASELINE,2026-03-25T10:49:54.4064042
374,20.000,20,7.740,15,BASELINE,2026-03-25T10:49:54.4064042
375,20.000,20,8.540,16,BASELINE,2026-03-25T10:49:54.4064042
376,20.000,20,9.780,15,BASELINE,2026-03-25T10:49:54.4064042
377,20.000,20,9.520,16,BASELINE,2026-03-25T10:49:54.4064042
378,20.000,20,8.080,14,BASELINE,2026-03-25T10:49:54.4064042
379,20.000,20,9.080,16,BASELINE,2026-03-25T10:49:54.4064042
380,20.000,20,8.780,15,BASELINE,2026-03-25T10:49:54.4064042
381,20.000,20,7.640,15,BASELINE,2026-03-25T10:49:54.4064042
382,20.000,20,9.200,16,BASELINE,2026-03-25T10:49:54.4064042
383,20.000,20,7.400,13,BASELINE,2026-03-25T10:49:54.4064042
384,20.000,20,8.240,15,BASELINE,2026-03-25T10:49:54.4064042
385,20.000,20,8.420,15,BASELINE,2026-03-25T10:49:54.4064042
386,20.000,20,8.180,14,BASELINE,2026-03-25T10:49:54.4064042
387,20.000,20,8.760,15,BASELINE,2026-03-25T10:49:54.4064042
388,20.000,20,8.400,14,BASELINE,2026-03-25T10:49:54.4074053
389,17.250,17,0.000,0,BASELINE,2026-03-25T10:49:54.4074053
390,17.625,17,2.547,0,BASELINE,2026-03-25T10:49:54.4074053
391,18.000,18,2.960,0,BASELINE,2026-03-25T10:49:54.4074053
392,18.391,18,3.593,0,BASELINE,2026-03-25T10:49:54.4074053
393,18.781,18,2.093,0,BASELINE,2026-03-25T10:49:54.4074053
394,19.141,19,2.773,0,BASELINE,2026-03-25T10:49:54.4074053
395,19.469,19,3.880,0,BASELINE,2026-03-25T10:49:54.4074053
396,19.766,19,2.827,0,BASELINE,2026-03-25T10:49:54.4074053
397,19.922,19,4.733,0,BASELINE,2026-03-25T10:49:54.4074053
398,19.969,19,3.680,0,BASELINE,2026-03-25T10:49:54.4074053
399,19.984,19,4.060,0,BASELINE,2026-03-25T10:49:54.4074053
400,20.000,20,3.833,0,BASELINE,2026-03-25T10:49:54.4074053
401,20.000,20,4.400,0,BASELINE,2026-03-25T10:49:54.4098197
402,20.000,20,4.727,0,BASELINE,2026-03-25T10:49:54.4098197
403,20.000,20,4.113,0,BASELINE,2026-03-25T10:49:54.4111216
404,20.000,20,3.680,0,BASELINE,2026-03-25T10:49:54.4111216
405,20.000,20,3.173,0,BASELINE,2026-03-25T10:49:54.4111216
406,20.000,20,3.413,0,BASELINE,2026-03-25T10:49:54.4111216
407,20.000,20,3.987,0,BASELINE,2026-03-25T10:49:54.4111216
408,20.000,20,4.033,0,BASELINE,2026-03-25T10:49:54.4111216
409,20.000,20,4.127,0,BASELINE,2026-03-25T10:49:54.4111216
410,20.000,20,3.953,0,BASELINE,2026-03-25T10:49:54.4111216
411,20.000,20,5.400,0,BASELINE,2026-03-25T10:49:54.4111216
412,20.000,20,5.127,0,BASELINE,2026-03-25T10:49:54.4111216
413,20.000,20,5.047,0,BASELINE,2026-03-25T10:49:54.4111216
414,20.000,20,4.327,0,BASELINE,2026-03-25T10:49:54.4121291
415,20.000,20,5.687,0,BASELINE,2026-03-25T10:49:54.4121291
416,20.000,20,4.893,0,BASELINE,2026-03-25T10:49:54.4121291
417,20.000,20,4.087,0,BASELINE,2026-03-25T10:49:54.4121291
418,20.000,20,4.927,0,BASELINE,2026-03-25T10:49:54.4121291
419,20.000,20,5.967,0,BASELINE,2026-03-25T10:49:54.4121291
420,20.000,20,6.453,0,BASELINE,2026-03-25T10:49:54.4121291
421,20.000,20,7.193,0,BASELINE,2026-03-25T10:49:54.4121291
422,20.000,20,5.133,0,BASELINE,2026-03-25T10:49:54.4121291
423,20.000,20,7.147,0,BASELINE,2026-03-25T10:49:54.4121291
424,20.000,20,6.453,0,BASELINE,2026-03-25T10:49:54.4121291
425,20.000,20,6.420,0,BASELINE,2026-03-25T10:49:54.4121291
426,20.000,20,6.533,0,BASELINE,2026-03-25T10:49:54.4131351
427,20.000,20,5.700,0,BASELINE,2026-03-25T10:49:54.4131351
428,20.000,20,6.280,0,BASELINE,2026-03-25T10:49:54.4131351
429,20.000,20,7.627,0,BASELINE,2026-03-25T10:49:54.4131351
430,20.000,20,8.293,0,BASELINE,2026-03-25T10:49:54.4131351
431,20.000,20,5.540,0,BASELINE,2026-03-25T10:49:54.4131351
432,20.000,20,5.700,0,BASELINE,2026-03-25T10:49:54.4131351
433,20.000,20,7.220,0,BASELINE,2026-03-25T10:49:54.4131351
434,17.250,17,6.533,0,BASELINE,2026-03-25T10:49:54.4131351
435,17.609,17,7.247,0,BASELINE,2026-03-25T10:49:54.4131351
436,17.984,17,7.133,0,BASELINE,2026-03-25T10:49:54.4131351
437,18.344,18,7.660,0,BASELINE,2026-03-25T10:49:54.4131351
438,18.703,18,7.547,0,BASELINE,2026-03-25T10:49:54.4131351
439,19.188,19,7.487,0,BASELINE,2026-03-25T10:49:54.4131351
440,19.594,19,6.740,0,BASELINE,2026-03-25T10:49:54.4131351
441,19.938,19,7.447,0,BASELINE,2026-03-25T10:49:54.4131351
442,20.000,20,8.500,0,BASELINE,2026-03-25T10:49:54.4141348
443,20.000,20,8.713,0,BASELINE,2026-03-25T10:49:54.4141348
444,20.000,20,7.767,0,BASELINE,2026-03-25T10:49:54.4141348
445,20.000,20,7.073,0,BASELINE,2026-03-25T10:49:54.4141348
446,20.000,20,8.367,0,BASELINE,2026-03-25T10:49:54.4141348
447,20.000,20,8.873,0,BASELINE,2026-03-25T10:49:54.4141348
448,20.000,20,9.053,0,BASELINE,2026-03-25T10:49:54.4141348
449,20.000,20,7.820,0,BASELINE,2026-03-25T10:49:54.4141348
450,20.000,20,8.747,1,BASELINE,2026-03-25T10:49:54.4141348
451,20.000,20,8.047,2,BASELINE,2026-03-25T10:49:54.4141348
452,20.000,20,7.900,6,BASELINE,2026-03-25T10:49:54.4141348
453,20.000,20,8.153,8,BASELINE,2026-03-25T10:49:54.4141348
454,20.000,20,8.120,12,BASELINE,2026-03-25T10:49:54.4141348
455,20.000,20,8.500,12,BASELINE,2026-03-25T10:49:54.4141348
456,20.000,20,7.547,13,BASELINE,2026-03-25T10:49:54.4141348
457,20.000,20,9.307,12,BASELINE,2026-03-25T10:49:54.4141348
458,20.000,20,9.260,14,BASELINE,2026-03-25T10:49:54.4141348
459,20.000,20,7.567,12,BASELINE,2026-03-25T10:49:54.4141348
460,20.000,20,9.133,15,BASELINE,2026-03-25T10:49:54.4141348
461,20.000,20,8.680,13,BASELINE,2026-03-25T10:49:54.4141348
462,20.000,20,10.227,15,BASELINE,2026-03-25T10:49:54.4141348
463,20.000,20,8.453,15,BASELINE,2026-03-25T10:49:54.4151446
464,17.250,17,9.420,15,BASELINE,2026-03-25T10:49:54.4151446
465,17.625,17,6.580,12,BASELINE,2026-03-25T10:49:54.4151446
466,18.016,18,10.100,16,BASELINE,2026-03-25T10:49:54.4161297
467,18.375,18,9.000,16,BASELINE,2026-03-25T10:49:54.4161297
468,18.719,18,8.160,15,BASELINE,2026-03-25T10:49:54.4161297
469,19.109,19,9.560,16,BASELINE,2026-03-25T10:49:54.4161297
470,19.469,19,8.420,14,BASELINE,2026-03-25T10:49:54.4161297
471,19.781,19,8.420,14,BASELINE,2026-03-25T10:49:54.4161297
472,19.922,19,9.560,16,BASELINE,2026-03-25T10:49:54.4161297
473,19.984,19,8.780,15,BASELINE,2026-03-25T10:49:54.4161297
474,20.000,20,10.000,16,BASELINE,2026-03-25T10:49:54.4161297
475,20.000,20,8.420,14,BASELINE,2026-03-25T10:49:54.4171297
476,20.000,20,8.580,13,BASELINE,2026-03-25T10:49:54.4171297
477,20.000,20,7.420,14,BASELINE,2026-03-25T10:49:54.4171297
478,20.000,20,8.540,15,BASELINE,2026-03-25T10:49:54.4171297
479,20.000,20,7.500,14,BASELINE,2026-03-25T10:49:54.4171297
480,20.000,20,10.740,16,BASELINE,2026-03-25T10:49:54.4171297
481,20.000,20,9.340,16,BASELINE,2026-03-25T10:49:54.4171297
482,20.000,20,9.700,16,BASELINE,2026-03-25T10:49:54.4171297
483,20.000,20,8.360,15,BASELINE,2026-03-25T10:49:54.4171297
484,20.000,20,8.660,15,BASELINE,2026-03-25T10:49:54.4171297
485,20.000,20,9.220,16,BASELINE,2026-03-25T10:49:54.4171297
486,20.000,20,8.600,16,BASELINE,2026-03-25T10:49:54.4171297
487,20.000,20,8.820,15,BASELINE,2026-03-25T10:49:54.4171297
488,20.000,20,8.680,15,BASELINE,2026-03-25T10:49:54.4171297
489,20.000,20,9.200,15,BASELINE,2026-03-25T10:49:54.4171297
490,20.000,20,8.960,15,BASELINE,2026-03-25T10:49:54.4171297
491,20.000,20,8.380,15,BASELINE,2026-03-25T10:49:54.4181342
492,20.000,20,10.520,16,BASELINE,2026-03-25T10:49:54.4181342
493,20.000,20,8.560,16,BASELINE,2026-03-25T10:49:54.4181342
494,17.250,17,7.440,13,BASELINE,2026-03-25T10:49:54.4181342
495,17.594,17,9.160,16,BASELINE,2026-03-25T10:49:54.4181342
496,17.953,17,7.180,14,BASELINE,2026-03-25T10:49:54.4181342
497,18.359,18,8.120,14,BASELINE,2026-03-25T10:49:54.4181342
498,18.719,18,7.440,13,BASELINE,2026-03-25T10:49:54.4181342
499,19.078,19,8.600,15,BASELINE,2026-03-25T10:49:54.4181342
0,1.219,1,6.460,6,OPTIMIZED,2026-03-25T10:49:56.7002011
1,2.484,2,8.067,9,OPTIMIZED,2026-03-25T10:49:56.7002011
2,3.719,3,8.247,10,OPTIMIZED,2026-03-25T10:49:56.7002011
3,5.031,5,9.007,10,OPTIMIZED,2026-03-25T10:49:56.7002011
4,6.297,6,8.280,11,OPTIMIZED,2026-03-25T10:49:56.7002011
5,7.500,7,8.887,12,OPTIMIZED,2026-03-25T10:49:56.7002011
6,8.781,8,8.527,13,OPTIMIZED,2026-03-25T10:49:56.7002011
7,10.078,10,8.100,13,OPTIMIZED,2026-03-25T10:49:56.7002011
8,11.375,11,7.080,11,OPTIMIZED,2026-03-25T10:49:56.7002011
9,12.313,12,7.080,11,OPTIMIZED,2026-03-25T10:49:56.7002011
10,13.500,13,7.480,11,OPTIMIZED,2026-03-25T10:49:56.7002011
11,14.734,14,7.780,13,OPTIMIZED,2026-03-25T10:49:56.7132102
12,15.656,15,6.300,10,OPTIMIZED,2026-03-25T10:49:56.7143005
13,16.375,16,7.640,11,OPTIMIZED,2026-03-25T10:49:56.7148714
14,16.719,16,8.360,13,OPTIMIZED,2026-03-25T10:49:56.7148714
15,17.078,17,7.800,13,OPTIMIZED,2026-03-25T10:49:56.7148714
16,17.438,17,8.093,13,OPTIMIZED,2026-03-25T10:49:56.7148714
17,17.781,17,9.133,13,OPTIMIZED,2026-03-25T10:49:56.7148714
18,18.031,18,8.413,13,OPTIMIZED,2026-03-25T10:49:56.7148714
19,18.359,18,7.873,12,OPTIMIZED,2026-03-25T10:49:56.7148714
20,18.734,18,8.513,12,OPTIMIZED,2026-03-25T10:49:56.7148714
21,18.953,18,9.253,12,OPTIMIZED,2026-03-25T10:49:56.7148714
22,19.219,19,7.653,12,OPTIMIZED,2026-03-25T10:49:56.7148714
23,19.359,19,7.953,13,OPTIMIZED,2026-03-25T10:49:56.7148714
24,19.359,19,7.680,11,OPTIMIZED,2026-03-25T10:49:56.7148714
25,19.406,19,8.227,13,OPTIMIZED,2026-03-25T10:49:56.7148714
26,19.422,19,8.727,13,OPTIMIZED,2026-03-25T10:49:56.7148714
27,19.547,19,8.127,12,OPTIMIZED,2026-03-25T10:49:56.7148714
28,19.547,19,8.527,12,OPTIMIZED,2026-03-25T10:49:56.7148714
29,19.563,19,8.440,12,OPTIMIZED,2026-03-25T10:49:56.7148714
30,19.578,19,7.740,11,OPTIMIZED,2026-03-25T10:49:56.7148714
31,19.609,19,8.260,13,OPTIMIZED,2026-03-25T10:49:56.7148714
32,19.734,19,9.460,13,OPTIMIZED,2026-03-25T10:49:56.7148714
33,19.844,19,9.360,13,OPTIMIZED,2026-03-25T10:49:56.7148714
34,19.859,19,9.240,13,OPTIMIZED,2026-03-25T10:49:56.7148714
35,19.859,19,7.380,11,OPTIMIZED,2026-03-25T10:49:56.7148714
36,19.891,19,8.813,13,OPTIMIZED,2026-03-25T10:49:56.7148714
37,19.859,19,7.273,11,OPTIMIZED,2026-03-25T10:49:56.7148714
38,19.891,19,8.633,13,OPTIMIZED,2026-03-25T10:49:56.7148714
39,19.938,19,9.373,12,OPTIMIZED,2026-03-25T10:49:56.7148714
40,19.938,19,6.293,10,OPTIMIZED,2026-03-25T10:49:56.7148714
41,19.922,19,8.433,12,OPTIMIZED,2026-03-25T10:49:56.7148714
42,19.688,19,6.973,11,OPTIMIZED,2026-03-25T10:49:56.7148714
43,19.531,19,9.113,12,OPTIMIZED,2026-03-25T10:49:56.7148714
44,19.656,19,8.453,12,OPTIMIZED,2026-03-25T10:49:56.7148714
45,19.734,19,8.693,13,OPTIMIZED,2026-03-25T10:49:56.7148714
46,19.719,19,7.987,11,OPTIMIZED,2026-03-25T10:49:56.7148714
47,19.797,19,8.767,13,OPTIMIZED,2026-03-25T10:49:56.7148714
48,19.609,19,9.173,12,OPTIMIZED,2026-03-25T10:49:56.7148714
49,19.469,19,8.467,12,OPTIMIZED,2026-03-25T10:49:56.7148714
50,19.531,19,8.807,11,OPTIMIZED,2026-03-25T10:49:56.7148714
51,19.625,19,8.087,11,OPTIMIZED,2026-03-25T10:49:56.7148714
52,19.609,19,7.700,9,OPTIMIZED,2026-03-25T10:49:56.7148714
53,19.703,19,7.240,9,OPTIMIZED,2026-03-25T10:49:56.7148714
54,19.781,19,7.800,10,OPTIMIZED,2026-03-25T10:49:56.7148714
55,19.625,19,5.540,6,OPTIMIZED,2026-03-25T10:49:56.7148714
56,19.500,19,3.773,4,OPTIMIZED,2026-03-25T10:49:56.7148714
57,19.719,19,5.600,5,OPTIMIZED,2026-03-25T10:49:56.7148714
58,19.844,19,5.647,5,OPTIMIZED,2026-03-25T10:49:56.7148714
59,19.859,19,5.233,5,OPTIMIZED,2026-03-25T10:49:56.7148714
60,19.844,19,5.520,5,OPTIMIZED,2026-03-25T10:49:56.7182692
61,19.906,19,5.540,6,OPTIMIZED,2026-03-25T10:49:56.7182692
62,19.906,19,5.447,5,OPTIMIZED,2026-03-25T10:49:56.7182692
63,19.688,19,5.573,4,OPTIMIZED,2026-03-25T10:49:56.7182692
64,19.734,19,6.027,5,OPTIMIZED,2026-03-25T10:49:56.7182692
65,19.766,19,6.120,5,OPTIMIZED,2026-03-25T10:49:56.7182692
66,19.703,19,5.153,4,OPTIMIZED,2026-03-25T10:49:56.7182692
67,19.750,19,5.893,4,OPTIMIZED,2026-03-25T10:49:56.7182692
68,19.813,19,4.807,4,OPTIMIZED,2026-03-25T10:49:56.7182692
69,19.813,19,4.933,3,OPTIMIZED,2026-03-25T10:49:56.7182692
70,19.875,19,5.640,3,OPTIMIZED,2026-03-25T10:49:56.7182692
71,19.922,19,5.207,3,OPTIMIZED,2026-03-25T10:49:56.7182692
72,19.938,19,5.973,2,OPTIMIZED,2026-03-25T10:49:56.7182692
73,19.953,19,4.627,3,OPTIMIZED,2026-03-25T10:49:56.7182692
74,19.969,19,5.020,3,OPTIMIZED,2026-03-25T10:49:56.7182692
75,20.000,20,4.573,3,OPTIMIZED,2026-03-25T10:49:56.7182692
76,20.000,20,5.207,3,OPTIMIZED,2026-03-25T10:49:56.7182692
77,20.000,20,4.707,3,OPTIMIZED,2026-03-25T10:49:56.7182692
78,20.000,20,5.620,3,OPTIMIZED,2026-03-25T10:49:56.7182692
79,19.734,19,5.440,2,OPTIMIZED,2026-03-25T10:49:56.7182692
80,19.750,19,5.547,3,OPTIMIZED,2026-03-25T10:49:56.7182692
81,19.766,19,4.973,2,OPTIMIZED,2026-03-25T10:49:56.7182692
82,19.781,19,5.080,2,OPTIMIZED,2026-03-25T10:49:56.7182692
83,19.813,19,7.680,3,OPTIMIZED,2026-03-25T10:49:56.7182692
84,19.828,19,5.333,3,OPTIMIZED,2026-03-25T10:49:56.7182692
85,19.859,19,6.393,3,OPTIMIZED,2026-03-25T10:49:56.7182692
86,19.875,19,5.767,3,OPTIMIZED,2026-03-25T10:49:56.7182692
87,19.906,19,6.853,3,OPTIMIZED,2026-03-25T10:49:56.7182692
88,19.844,19,5.653,3,OPTIMIZED,2026-03-25T10:49:56.7182692
89,19.906,19,7.053,3,OPTIMIZED,2026-03-25T10:49:56.7182692
90,19.922,19,5.313,2,OPTIMIZED,2026-03-25T10:49:56.7182692
91,19.938,19,7.040,3,OPTIMIZED,2026-03-25T10:49:56.7182692
92,19.984,19,7.307,3,OPTIMIZED,2026-03-25T10:49:56.7182692
93,20.000,20,7.320,3,OPTIMIZED,2026-03-25T10:49:56.7182692
94,19.891,19,5.887,3,OPTIMIZED,2026-03-25T10:49:56.7182692
95,19.922,19,7.073,3,OPTIMIZED,2026-03-25T10:49:56.7182692
96,19.984,19,7.520,3,OPTIMIZED,2026-03-25T10:49:56.7182692
97,19.953,19,6.867,3,OPTIMIZED,2026-03-25T10:49:56.7182692
98,19.750,19,7.827,3,OPTIMIZED,2026-03-25T10:49:56.7182692
99,19.688,19,5.360,2,OPTIMIZED,2026-03-25T10:49:56.7182692
100,19.813,19,5.320,1,OPTIMIZED,2026-03-25T10:49:56.7182692
101,19.891,19,7.620,2,OPTIMIZED,2026-03-25T10:49:56.7182692
102,19.891,19,7.433,2,OPTIMIZED,2026-03-25T10:49:56.7182692
103,19.938,19,6.300,2,OPTIMIZED,2026-03-25T10:49:56.7228871
104,19.938,19,7.033,2,OPTIMIZED,2026-03-25T10:49:56.7228871
105,19.938,19,7.067,1,OPTIMIZED,2026-03-25T10:49:56.7228871
106,19.984,19,7.293,2,OPTIMIZED,2026-03-25T10:49:56.7228871
107,19.922,19,7.127,2,OPTIMIZED,2026-03-25T10:49:56.7228871
108,19.594,19,8.193,2,OPTIMIZED,2026-03-25T10:49:56.7228871
109,19.672,19,7.960,2,OPTIMIZED,2026-03-25T10:49:56.7228871
110,19.719,19,7.720,3,OPTIMIZED,2026-03-25T10:49:56.7228871
111,19.719,19,8.300,3,OPTIMIZED,2026-03-25T10:49:56.7228871
112,19.781,19,6.847,3,OPTIMIZED,2026-03-25T10:49:56.7228871
113,19.766,19,7.120,3,OPTIMIZED,2026-03-25T10:49:56.7228871
114,19.703,19,7.727,3,OPTIMIZED,2026-03-25T10:49:56.7228871
115,19.781,19,9.120,4,OPTIMIZED,2026-03-25T10:49:56.7228871
116,19.688,19,7.747,4,OPTIMIZED,2026-03-25T10:49:56.7228871
117,19.734,19,8.120,4,OPTIMIZED,2026-03-25T10:49:56.7228871
118,19.797,19,8.640,5,OPTIMIZED,2026-03-25T10:49:56.7228871
119,19.938,19,8.673,7,OPTIMIZED,2026-03-25T10:49:56.7228871
120,19.828,19,8.673,9,OPTIMIZED,2026-03-25T10:49:56.7228871
121,19.844,19,6.033,8,OPTIMIZED,2026-03-25T10:49:56.7228871
122,19.859,19,9.080,10,OPTIMIZED,2026-03-25T10:49:56.7228871
123,19.438,19,7.533,8,OPTIMIZED,2026-03-25T10:49:56.7228871
124,19.547,19,8.780,10,OPTIMIZED,2026-03-25T10:49:56.7228871
125,19.594,19,8.487,11,OPTIMIZED,2026-03-25T10:49:56.7228871
126,19.547,19,7.453,10,OPTIMIZED,2026-03-25T10:49:56.7228871
127,19.641,19,7.960,12,OPTIMIZED,2026-03-25T10:49:56.7228871
128,19.688,19,7.500,12,OPTIMIZED,2026-03-25T10:49:56.7228871
129,19.781,19,8.787,11,OPTIMIZED,2026-03-25T10:49:56.7228871
130,19.703,19,8.707,12,OPTIMIZED,2026-03-25T10:49:56.7228871
131,19.734,19,9.140,12,OPTIMIZED,2026-03-25T10:49:56.7228871
132,19.813,19,7.367,11,OPTIMIZED,2026-03-25T10:49:56.7228871
133,19.656,19,8.107,12,OPTIMIZED,2026-03-25T10:49:56.7228871
134,19.750,19,8.033,14,OPTIMIZED,2026-03-25T10:49:56.7228871
135,19.688,19,7.500,14,OPTIMIZED,2026-03-25T10:49:56.7228871
136,19.688,19,7.293,13,OPTIMIZED,2026-03-25T10:49:56.7228871
137,19.781,19,8.947,14,OPTIMIZED,2026-03-25T10:49:56.7228871
138,19.594,19,6.560,11,OPTIMIZED,2026-03-25T10:49:56.7228871
139,19.609,19,6.787,10,OPTIMIZED,2026-03-25T10:49:56.7228871
140,19.609,19,6.227,7,OPTIMIZED,2026-03-25T10:49:56.7228871
141,19.734,19,5.687,7,OPTIMIZED,2026-03-25T10:49:56.7228871
142,19.766,19,5.553,6,OPTIMIZED,2026-03-25T10:49:56.7228871
143,19.828,19,5.440,5,OPTIMIZED,2026-03-25T10:49:56.7228871
144,19.922,19,4.973,5,OPTIMIZED,2026-03-25T10:49:56.7228871
145,19.938,19,4.580,5,OPTIMIZED,2026-03-25T10:49:56.7228871
146,19.984,19,5.533,5,OPTIMIZED,2026-03-25T10:49:56.7228871
147,19.922,19,4.227,3,OPTIMIZED,2026-03-25T10:49:56.7228871
148,19.953,19,5.767,4,OPTIMIZED,2026-03-25T10:49:56.7228871
149,19.906,19,5.153,4,OPTIMIZED,2026-03-25T10:49:56.7228871
150,19.953,19,5.560,4,OPTIMIZED,2026-03-25T10:49:56.7228871
151,19.969,19,5.893,4,OPTIMIZED,2026-03-25T10:49:56.7228871
152,19.984,19,6.407,4,OPTIMIZED,2026-03-25T10:49:56.7228871
153,20.000,20,5.333,4,OPTIMIZED,2026-03-25T10:49:56.7228871
154,19.906,19,5.633,3,OPTIMIZED,2026-03-25T10:49:56.7228871
155,19.922,19,5.280,3,OPTIMIZED,2026-03-25T10:49:56.7228871
156,19.875,19,4.333,1,OPTIMIZED,2026-03-25T10:49:56.7228871
157,19.922,19,5.727,2,OPTIMIZED,2026-03-25T10:49:56.7228871
158,19.859,19,4.360,2,OPTIMIZED,2026-03-25T10:49:56.7228871
159,19.891,19,4.600,1,OPTIMIZED,2026-03-25T10:49:56.7228871
160,19.953,19,4.040,0,OPTIMIZED,2026-03-25T10:49:56.7228871
161,19.984,19,4.367,1,OPTIMIZED,2026-03-25T10:49:56.7228871
162,20.000,20,5.393,1,OPTIMIZED,2026-03-25T10:49:56.7228871
163,20.000,20,3.967,0,OPTIMIZED,2026-03-25T10:49:56.7228871
164,20.000,20,5.500,1,OPTIMIZED,2026-03-25T10:49:56.7228871
165,20.000,20,4.107,1,OPTIMIZED,2026-03-25T10:49:56.7228871
166,20.000,20,5.327,1,OPTIMIZED,2026-03-25T10:49:56.7228871
167,20.000,20,5.927,1,OPTIMIZED,2026-03-25T10:49:56.7228871
168,19.656,19,4.373,2,OPTIMIZED,2026-03-25T10:49:56.7228871
169,19.688,19,5.633,2,OPTIMIZED,2026-03-25T10:49:56.7228871
170,19.734,19,6.267,1,OPTIMIZED,2026-03-25T10:49:56.7228871
171,19.703,19,6.520,2,OPTIMIZED,2026-03-25T10:49:56.7228871
172,19.734,19,4.513,2,OPTIMIZED,2026-03-25T10:49:56.7228871
173,19.734,19,7.240,2,OPTIMIZED,2026-03-25T10:49:56.7228871
174,19.781,19,6.553,2,OPTIMIZED,2026-03-25T10:49:56.7228871
175,19.750,19,5.760,2,OPTIMIZED,2026-03-25T10:49:56.7228871
176,19.813,19,6.380,2,OPTIMIZED,2026-03-25T10:49:56.7228871
177,19.844,19,5.713,2,OPTIMIZED,2026-03-25T10:49:56.7228871
178,19.844,19,6.087,2,OPTIMIZED,2026-03-25T10:49:56.7228871
179,19.906,19,6.413,2,OPTIMIZED,2026-03-25T10:49:56.7228871
180,19.938,19,6.987,2,OPTIMIZED,2026-03-25T10:49:56.7228871
181,19.969,19,7.253,2,OPTIMIZED,2026-03-25T10:49:56.7228871
182,19.922,19,5.767,2,OPTIMIZED,2026-03-25T10:49:56.7228871
183,19.938,19,7.787,2,OPTIMIZED,2026-03-25T10:49:56.7228871
184,19.891,19,6.487,0,OPTIMIZED,2026-03-25T10:49:56.7228871
185,19.844,19,7.847,2,OPTIMIZED,2026-03-25T10:49:56.7228871
186,19.844,19,6.647,1,OPTIMIZED,2026-03-25T10:49:56.7228871
187,19.766,19,6.607,1,OPTIMIZED,2026-03-25T10:49:56.7228871
188,19.875,19,8.333,3,OPTIMIZED,2026-03-25T10:49:56.7228871
189,19.859,19,7.587,3,OPTIMIZED,2026-03-25T10:49:56.7228871
190,19.672,19,8.093,3,OPTIMIZED,2026-03-25T10:49:56.7228871
191,19.734,19,8.147,3,OPTIMIZED,2026-03-25T10:49:56.7228871
192,19.719,19,6.293,2,OPTIMIZED,2026-03-25T10:49:56.7228871
193,19.766,19,6.640,3,OPTIMIZED,2026-03-25T10:49:56.7228871
194,19.813,19,7.600,2,OPTIMIZED,2026-03-25T10:49:56.7228871
195,19.859,19,8.107,3,OPTIMIZED,2026-03-25T10:49:56.7228871
196,19.797,19,8.573,2,OPTIMIZED,2026-03-25T10:49:56.7228871
197,19.578,19,6.787,1,OPTIMIZED,2026-03-25T10:49:56.7228871
198,19.594,19,6.747,1,OPTIMIZED,2026-03-25T10:49:56.7228871
199,19.688,19,7.280,0,OPTIMIZED,2026-03-25T10:49:56.7228871
200,19.813,19,7.873,2,OPTIMIZED,2026-03-25T10:49:56.7228871
201,19.906,19,8.233,3,OPTIMIZED,2026-03-25T10:49:56.7228871
202,19.969,19,7.593,4,OPTIMIZED,2026-03-25T10:49:56.7228871
203,20.000,20,7.260,4,OPTIMIZED,2026-03-25T10:49:56.7297674
204,19.719,19,6.240,5,OPTIMIZED,2026-03-25T10:49:56.7297674
205,19.781,19,6.900,6,OPTIMIZED,2026-03-25T10:49:56.7297674
206,19.781,19,9.160,6,OPTIMIZED,2026-03-25T10:49:56.7297674
207,19.813,19,7.820,7,OPTIMIZED,2026-03-25T10:49:56.7297674
208,19.875,19,7.353,7,OPTIMIZED,2026-03-25T10:49:56.7309582
209,19.734,19,9.287,8,OPTIMIZED,2026-03-25T10:49:56.7309582
210,19.703,19,8.273,9,OPTIMIZED,2026-03-25T10:49:56.7309582
211,19.672,19,7.527,8,OPTIMIZED,2026-03-25T10:49:56.7309582
212,19.750,19,8.807,9,OPTIMIZED,2026-03-25T10:49:56.7309582
213,19.859,19,8.227,10,OPTIMIZED,2026-03-25T10:49:56.7309582
214,19.859,19,7.580,9,OPTIMIZED,2026-03-25T10:49:56.7309582
215,19.938,19,7.260,10,OPTIMIZED,2026-03-25T10:49:56.7309582
216,19.938,19,8.540,10,OPTIMIZED,2026-03-25T10:49:56.7309582
217,19.969,19,7.047,10,OPTIMIZED,2026-03-25T10:49:56.7309582
218,19.906,19,7.273,9,OPTIMIZED,2026-03-25T10:49:56.7309582
219,19.906,19,8.247,11,OPTIMIZED,2026-03-25T10:49:56.7309582
220,19.813,19,6.960,10,OPTIMIZED,2026-03-25T10:49:56.7309582
221,19.891,19,7.580,9,OPTIMIZED,2026-03-25T10:49:56.7309582
222,19.938,19,8.380,10,OPTIMIZED,2026-03-25T10:49:56.7309582
223,19.719,19,7.540,9,OPTIMIZED,2026-03-25T10:49:56.7309582
224,19.688,19,6.873,9,OPTIMIZED,2026-03-25T10:49:56.7309582
225,19.719,19,5.140,6,OPTIMIZED,2026-03-25T10:49:56.7309582
226,19.766,19,6.547,7,OPTIMIZED,2026-03-25T10:49:56.7309582
227,19.734,19,5.687,4,OPTIMIZED,2026-03-25T10:49:56.7309582
228,19.656,19,5.353,5,OPTIMIZED,2026-03-25T10:49:56.7309582
229,19.781,19,7.067,5,OPTIMIZED,2026-03-25T10:49:56.7319478
230,19.844,19,5.240,4,OPTIMIZED,2026-03-25T10:49:56.7319478
231,19.938,19,5.087,4,OPTIMIZED,2026-03-25T10:49:56.7319478
232,20.000,20,5.413,4,OPTIMIZED,2026-03-25T10:49:56.7319478
233,20.000,20,5.653,4,OPTIMIZED,2026-03-25T10:49:56.7319478
234,20.000,20,4.793,4,OPTIMIZED,2026-03-25T10:49:56.7319478
235,19.563,19,5.673,4,OPTIMIZED,2026-03-25T10:49:56.7319478
236,19.625,19,5.333,3,OPTIMIZED,2026-03-25T10:49:56.7319478
237,19.672,19,6.627,4,OPTIMIZED,2026-03-25T10:49:56.7319478
238,19.688,19,5.147,3,OPTIMIZED,2026-03-25T10:49:56.7319478
239,19.688,19,6.027,4,OPTIMIZED,2026-03-25T10:49:56.7319478
240,19.781,19,5.107,4,OPTIMIZED,2026-03-25T10:49:56.7319478
241,19.828,19,3.967,2,OPTIMIZED,2026-03-25T10:49:56.7319478
242,19.859,19,6.180,4,OPTIMIZED,2026-03-25T10:49:56.7319478
243,19.891,19,5.873,4,OPTIMIZED,2026-03-25T10:49:56.7319478
244,19.906,19,6.113,4,OPTIMIZED,2026-03-25T10:49:56.7319478
245,19.938,19,5.547,4,OPTIMIZED,2026-03-25T10:49:56.7319478
246,19.828,19,6.407,3,OPTIMIZED,2026-03-25T10:49:56.7319478
247,19.875,19,4.887,3,OPTIMIZED,2026-03-25T10:49:56.7319478
248,19.891,19,6.080,4,OPTIMIZED,2026-03-25T10:49:56.7319478
249,19.859,19,5.067,3,OPTIMIZED,2026-03-25T10:49:56.7319478
250,19.906,19,5.840,2,OPTIMIZED,2026-03-25T10:49:56.7319478
251,19.969,19,5.713,3,OPTIMIZED,2026-03-25T10:49:56.7319478
252,19.859,19,7.493,2,OPTIMIZED,2026-03-25T10:49:56.7319478
253,19.828,19,5.440,1,OPTIMIZED,2026-03-25T10:49:56.7319478
254,19.906,19,5.580,1,OPTIMIZED,2026-03-25T10:49:56.7319478
255,19.891,19,4.273,1,OPTIMIZED,2026-03-25T10:49:56.7319478
256,19.734,19,6.627,1,OPTIMIZED,2026-03-25T10:49:56.7319478
257,19.875,19,5.967,1,OPTIMIZED,2026-03-25T10:49:56.7319478
258,19.953,19,6.520,1,OPTIMIZED,2026-03-25T10:49:56.7319478
259,19.984,19,5.180,1,OPTIMIZED,2026-03-25T10:49:56.7319478
260,20.000,20,6.493,2,OPTIMIZED,2026-03-25T10:49:56.7319478
261,20.000,20,5.647,2,OPTIMIZED,2026-03-25T10:49:56.7319478
262,19.953,19,6.167,2,OPTIMIZED,2026-03-25T10:49:56.7319478
263,19.969,19,5.880,2,OPTIMIZED,2026-03-25T10:49:56.7319478
264,19.984,19,6.600,3,OPTIMIZED,2026-03-25T10:49:56.7319478
265,20.000,20,6.727,3,OPTIMIZED,2026-03-25T10:49:56.7319478
266,19.828,19,5.653,1,OPTIMIZED,2026-03-25T10:49:56.7319478
267,19.891,19,6.133,2,OPTIMIZED,2026-03-25T10:49:56.7319478
268,19.969,19,6.407,2,OPTIMIZED,2026-03-25T10:49:56.7319478
269,19.922,19,6.133,2,OPTIMIZED,2026-03-25T10:49:56.7319478
270,19.938,19,7.573,2,OPTIMIZED,2026-03-25T10:49:56.7319478
271,19.875,19,7.473,2,OPTIMIZED,2026-03-25T10:49:56.7319478
272,19.938,19,6.053,2,OPTIMIZED,2026-03-25T10:49:56.7319478
273,19.938,19,7.373,1,OPTIMIZED,2026-03-25T10:49:56.7319478
274,19.969,19,6.673,3,OPTIMIZED,2026-03-25T10:49:56.7319478
275,19.984,19,7.380,3,OPTIMIZED,2026-03-25T10:49:56.7319478
276,19.906,19,7.640,3,OPTIMIZED,2026-03-25T10:49:56.7319478
277,19.672,19,7.767,3,OPTIMIZED,2026-03-25T10:49:56.7319478
278,19.734,19,8.127,2,OPTIMIZED,2026-03-25T10:49:56.7319478
279,19.781,19,6.573,2,OPTIMIZED,2026-03-25T10:49:56.7319478
280,19.813,19,8.893,3,OPTIMIZED,2026-03-25T10:49:56.7319478
281,19.672,19,7.840,4,OPTIMIZED,2026-03-25T10:49:56.7319478
282,19.578,19,7.647,4,OPTIMIZED,2026-03-25T10:49:56.7319478
283,19.703,19,6.107,3,OPTIMIZED,2026-03-25T10:49:56.7319478
284,19.828,19,8.260,4,OPTIMIZED,2026-03-25T10:49:56.7319478
285,19.734,19,8.413,5,OPTIMIZED,2026-03-25T10:49:56.7319478
286,19.766,19,8.007,5,OPTIMIZED,2026-03-25T10:49:56.7319478
287,19.844,19,7.267,5,OPTIMIZED,2026-03-25T10:49:56.7319478
288,19.891,19,8.353,6,OPTIMIZED,2026-03-25T10:49:56.7319478
289,19.906,19,7.973,7,OPTIMIZED,2026-03-25T10:49:56.7378485
290,19.922,19,9.127,7,OPTIMIZED,2026-03-25T10:49:56.7378485
291,19.891,19,7.473,8,OPTIMIZED,2026-03-25T10:49:56.7378485
292,19.703,19,9.247,10,OPTIMIZED,2026-03-25T10:49:56.7378485
293,19.750,19,7.300,10,OPTIMIZED,2026-03-25T10:49:56.7378485
294,19.781,19,9.953,10,OPTIMIZED,2026-03-25T10:49:56.7378485
295,19.531,19,7.753,10,OPTIMIZED,2026-03-25T10:49:56.7378485
296,19.563,19,8.807,10,OPTIMIZED,2026-03-25T10:49:56.7378485
297,19.625,19,7.747,10,OPTIMIZED,2026-03-25T10:49:56.7378485
298,19.516,19,7.407,9,OPTIMIZED,2026-03-25T10:49:56.7378485
299,19.625,19,9.260,10,OPTIMIZED,2026-03-25T10:49:56.7378485
300,19.719,19,7.613,10,OPTIMIZED,2026-03-25T10:49:56.7378485
301,19.531,19,8.767,10,OPTIMIZED,2026-03-25T10:49:56.7378485
302,19.500,19,8.100,10,OPTIMIZED,2026-03-25T10:49:56.7378485
303,19.578,19,7.447,10,OPTIMIZED,2026-03-25T10:49:56.7378485
304,19.609,19,8.900,10,OPTIMIZED,2026-03-25T10:49:56.7378485
305,19.672,19,8.353,10,OPTIMIZED,2026-03-25T10:49:56.7378485
306,19.766,19,8.193,10,OPTIMIZED,2026-03-25T10:49:56.7378485
307,19.781,19,6.513,8,OPTIMIZED,2026-03-25T10:49:56.7378485
308,19.672,19,7.060,7,OPTIMIZED,2026-03-25T10:49:56.7378485
309,19.672,19,7.553,7,OPTIMIZED,2026-03-25T10:49:56.7378485
310,19.719,19,7.233,6,OPTIMIZED,2026-03-25T10:49:56.7378485
311,19.844,19,6.253,7,OPTIMIZED,2026-03-25T10:49:56.7378485
312,19.953,19,6.733,7,OPTIMIZED,2026-03-25T10:49:56.7378485
313,19.813,19,6.960,6,OPTIMIZED,2026-03-25T10:49:56.7378485
314,19.625,19,5.647,6,OPTIMIZED,2026-03-25T10:49:56.7378485
315,19.750,19,6.420,6,OPTIMIZED,2026-03-25T10:49:56.7378485
316,19.719,19,4.240,3,OPTIMIZED,2026-03-25T10:49:56.7378485
317,19.781,19,5.300,6,OPTIMIZED,2026-03-25T10:49:56.7378485
318,19.813,19,4.600,4,OPTIMIZED,2026-03-25T10:49:56.7378485
319,19.859,19,6.800,4,OPTIMIZED,2026-03-25T10:49:56.7378485
320,19.922,19,4.793,5,OPTIMIZED,2026-03-25T10:49:56.7422148
321,19.875,19,5.207,4,OPTIMIZED,2026-03-25T10:49:56.7422148
322,19.922,19,4.533,4,OPTIMIZED,2026-03-25T10:49:56.7422148
323,19.953,19,5.773,4,OPTIMIZED,2026-03-25T10:49:56.7422148
324,19.984,19,6.093,4,OPTIMIZED,2026-03-25T10:49:56.7422148
325,20.000,20,4.060,3,OPTIMIZED,2026-03-25T10:49:56.7422148
326,19.906,19,4.940,3,OPTIMIZED,2026-03-25T10:49:56.7422148
327,19.922,19,5.340,3,OPTIMIZED,2026-03-25T10:49:56.7422148
328,19.938,19,6.040,3,OPTIMIZED,2026-03-25T10:49:56.7422148
329,19.891,19,6.153,4,OPTIMIZED,2026-03-25T10:49:56.7422148
330,19.953,19,5.867,4,OPTIMIZED,2026-03-25T10:49:56.7422148
331,19.906,19,5.073,5,OPTIMIZED,2026-03-25T10:49:56.7422148
332,19.953,19,5.867,5,OPTIMIZED,2026-03-25T10:49:56.7422148
333,19.938,19,6.560,5,OPTIMIZED,2026-03-25T10:49:56.7422148
334,19.906,19,6.067,5,OPTIMIZED,2026-03-25T10:49:56.7422148
335,19.938,19,6.053,5,OPTIMIZED,2026-03-25T10:49:56.7422148
336,19.922,19,5.193,4,OPTIMIZED,2026-03-25T10:49:56.7422148
337,19.578,19,5.813,4,OPTIMIZED,2026-03-25T10:49:56.7422148
338,19.688,19,4.393,3,OPTIMIZED,2026-03-25T10:49:56.7422148
339,19.688,19,4.853,2,OPTIMIZED,2026-03-25T10:49:56.7422148
340,19.750,19,6.180,2,OPTIMIZED,2026-03-25T10:49:56.7422148
341,19.813,19,6.060,3,OPTIMIZED,2026-03-25T10:49:56.7422148
342,19.828,19,6.273,3,OPTIMIZED,2026-03-25T10:49:56.7422148
343,19.859,19,5.680,3,OPTIMIZED,2026-03-25T10:49:56.7422148
344,19.891,19,5.960,3,OPTIMIZED,2026-03-25T10:49:56.7422148
345,19.922,19,6.467,3,OPTIMIZED,2026-03-25T10:49:56.7422148
346,19.906,19,6.753,3,OPTIMIZED,2026-03-25T10:49:56.7422148
347,19.906,19,5.347,3,OPTIMIZED,2026-03-25T10:49:56.7422148
348,19.875,19,5.227,2,OPTIMIZED,2026-03-25T10:49:56.7422148
349,19.938,19,5.680,2,OPTIMIZED,2026-03-25T10:49:56.7422148
350,19.906,19,7.013,2,OPTIMIZED,2026-03-25T10:49:56.7422148
351,19.953,19,5.467,1,OPTIMIZED,2026-03-25T10:49:56.7422148
352,19.875,19,6.407,1,OPTIMIZED,2026-03-25T10:49:56.7422148
353,19.859,19,6.647,1,OPTIMIZED,2026-03-25T10:49:56.7422148
354,19.813,19,5.767,1,OPTIMIZED,2026-03-25T10:49:56.7422148
355,19.875,19,6.580,1,OPTIMIZED,2026-03-25T10:49:56.7422148
356,19.969,19,5.747,1,OPTIMIZED,2026-03-25T10:49:56.7422148
357,19.859,19,6.740,1,OPTIMIZED,2026-03-25T10:49:56.7422148
358,19.891,19,6.833,1,OPTIMIZED,2026-03-25T10:49:56.7422148
359,19.828,19,6.740,1,OPTIMIZED,2026-03-25T10:49:56.7422148
360,19.875,19,7.107,0,OPTIMIZED,2026-03-25T10:49:56.7422148
361,19.859,19,6.667,1,OPTIMIZED,2026-03-25T10:49:56.7422148
362,19.938,19,7.420,1,OPTIMIZED,2026-03-25T10:49:56.7422148
363,19.922,19,6.047,1,OPTIMIZED,2026-03-25T10:49:56.7422148
364,19.969,19,7.553,1,OPTIMIZED,2026-03-25T10:49:56.7422148
365,19.828,19,7.240,1,OPTIMIZED,2026-03-25T10:49:56.7422148
366,19.547,19,6.933,1,OPTIMIZED,2026-03-25T10:49:56.7422148
367,19.656,19,6.113,0,OPTIMIZED,2026-03-25T10:49:56.7422148
368,19.688,19,7.693,1,OPTIMIZED,2026-03-25T10:49:56.7422148
369,19.797,19,7.700,3,OPTIMIZED,2026-03-25T10:49:56.7422148
370,19.875,19,7.973,4,OPTIMIZED,2026-03-25T10:49:56.7422148
371,19.938,19,6.947,4,OPTIMIZED,2026-03-25T10:49:56.7422148
372,19.922,19,9.067,6,OPTIMIZED,2026-03-25T10:49:56.7422148
373,19.828,19,7.913,6,OPTIMIZED,2026-03-25T10:49:56.7422148
374,19.859,19,7.640,4,OPTIMIZED,2026-03-25T10:49:56.7422148
375,19.844,19,8.033,6,OPTIMIZED,2026-03-25T10:49:56.7422148
376,19.797,19,8.167,6,OPTIMIZED,2026-03-25T10:49:56.7422148
377,19.844,19,7.487,6,OPTIMIZED,2026-03-25T10:49:56.7422148
378,19.844,19,7.513,6,OPTIMIZED,2026-03-25T10:49:56.7422148
379,19.938,19,7.393,7,OPTIMIZED,2026-03-25T10:49:56.7422148
380,19.906,19,7.767,8,OPTIMIZED,2026-03-25T10:49:56.7422148
381,19.938,19,7.200,7,OPTIMIZED,2026-03-25T10:49:56.7422148
382,19.969,19,9.760,9,OPTIMIZED,2026-03-25T10:49:56.7422148
383,19.984,19,7.660,10,OPTIMIZED,2026-03-25T10:49:56.7422148
384,19.891,19,8.833,9,OPTIMIZED,2026-03-25T10:49:56.7422148
385,19.875,19,9.073,10,OPTIMIZED,2026-03-25T10:49:56.7422148
386,19.875,19,7.227,9,OPTIMIZED,2026-03-25T10:49:56.7422148
387,19.828,19,7.967,9,OPTIMIZED,2026-03-25T10:49:56.7422148
388,19.891,19,7.947,9,OPTIMIZED,2026-03-25T10:49:56.7422148
389,19.938,19,7.067,9,OPTIMIZED,2026-03-25T10:49:56.7422148
390,19.875,19,7.087,8,OPTIMIZED,2026-03-25T10:49:56.7422148
391,19.859,19,5.793,6,OPTIMIZED,2026-03-25T10:49:56.7422148
392,19.781,19,6.920,7,OPTIMIZED,2026-03-25T10:49:56.7422148
393,19.859,19,7.287,7,OPTIMIZED,2026-03-25T10:49:56.7422148
394,19.953,19,6.840,7,OPTIMIZED,2026-03-25T10:49:56.7422148
395,19.891,19,5.780,5,OPTIMIZED,2026-03-25T10:49:56.7422148
396,19.844,19,6.447,5,OPTIMIZED,2026-03-25T10:49:56.7442532
397,19.594,19,6.833,6,OPTIMIZED,2026-03-25T10:49:56.7442532
398,19.594,19,6.253,5,OPTIMIZED,2026-03-25T10:49:56.7442532
399,19.688,19,6.393,7,OPTIMIZED,2026-03-25T10:49:56.7442532
400,19.766,19,7.360,8,OPTIMIZED,2026-03-25T10:49:56.7442532
401,19.813,19,6.873,8,OPTIMIZED,2026-03-25T10:49:56.7442532
402,19.781,19,7.847,7,OPTIMIZED,2026-03-25T10:49:56.7442532
403,19.672,19,7.127,6,OPTIMIZED,2026-03-25T10:49:56.7465981
404,19.719,19,7.307,7,OPTIMIZED,2026-03-25T10:49:56.7465981
405,19.641,19,5.527,5,OPTIMIZED,2026-03-25T10:49:56.7465981
406,19.656,19,6.113,5,OPTIMIZED,2026-03-25T10:49:56.7476743
407,19.406,19,5.407,5,OPTIMIZED,2026-03-25T10:49:56.7476743
408,19.516,19,5.760,3,OPTIMIZED,2026-03-25T10:49:56.7476743
409,19.656,19,6.100,4,OPTIMIZED,2026-03-25T10:49:56.7476743
410,19.672,19,5.493,4,OPTIMIZED,2026-03-25T10:49:56.7476743
411,19.750,19,6.660,4,OPTIMIZED,2026-03-25T10:49:56.7476743
412,19.563,19,6.460,4,OPTIMIZED,2026-03-25T10:49:56.7486773
413,19.609,19,6.020,5,OPTIMIZED,2026-03-25T10:49:56.7486773
414,19.594,19,6.447,5,OPTIMIZED,2026-03-25T10:49:56.7489966
415,19.672,19,6.280,6,OPTIMIZED,2026-03-25T10:49:56.7489966
416,19.719,19,6.207,6,OPTIMIZED,2026-03-25T10:49:56.7489966
417,19.750,19,6.580,6,OPTIMIZED,2026-03-25T10:49:56.7489966
418,19.750,19,6.160,6,OPTIMIZED,2026-03-25T10:49:56.74943
419,19.703,19,4.847,4,OPTIMIZED,2026-03-25T10:49:56.74943
420,19.813,19,5.720,5,OPTIMIZED,2026-03-25T10:49:56.74943
421,19.891,19,6.920,6,OPTIMIZED,2026-03-25T10:49:56.74943
422,19.969,19,7.287,5,OPTIMIZED,2026-03-25T10:49:56.74943
423,20.000,20,6.033,6,OPTIMIZED,2026-03-25T10:49:56.74943
424,20.000,20,5.847,6,OPTIMIZED,2026-03-25T10:49:56.74943
425,20.000,20,7.333,6,OPTIMIZED,2026-03-25T10:49:56.74943
426,19.844,19,7.800,5,OPTIMIZED,2026-03-25T10:49:56.74943
427,19.781,19,5.607,5,OPTIMIZED,2026-03-25T10:49:56.74943
428,19.766,19,6.680,4,OPTIMIZED,2026-03-25T10:49:56.74943
429,19.766,19,6.627,4,OPTIMIZED,2026-03-25T10:49:56.74943
430,19.828,19,6.627,4,OPTIMIZED,2026-03-25T10:49:56.74943
431,19.891,19,6.593,3,OPTIMIZED,2026-03-25T10:49:56.74943
432,19.828,19,7.127,3,OPTIMIZED,2026-03-25T10:49:56.74943
433,19.813,19,6.400,3,OPTIMIZED,2026-03-25T10:49:56.74943
434,19.828,19,6.400,2,OPTIMIZED,2026-03-25T10:49:56.74943
435,19.797,19,5.480,2,OPTIMIZED,2026-03-25T10:49:56.74943
436,19.859,19,6.300,3,OPTIMIZED,2026-03-25T10:49:56.74943
437,19.938,19,6.773,2,OPTIMIZED,2026-03-25T10:49:56.74943
438,19.875,19,7.007,3,OPTIMIZED,2026-03-25T10:49:56.74943
439,19.859,19,8.413,3,OPTIMIZED,2026-03-25T10:49:56.74943
440,19.906,19,7.893,3,OPTIMIZED,2026-03-25T10:49:56.74943
441,19.938,19,7.560,3,OPTIMIZED,2026-03-25T10:49:56.7505243
442,19.969,19,6.893,3,OPTIMIZED,2026-03-25T10:49:56.7505243
443,19.984,19,7.000,3,OPTIMIZED,2026-03-25T10:49:56.7505243
444,19.922,19,5.987,1,OPTIMIZED,2026-03-25T10:49:56.7505243
445,19.906,19,7.867,2,OPTIMIZED,2026-03-25T10:49:56.7505243
446,19.969,19,6.860,2,OPTIMIZED,2026-03-25T10:49:56.7505243
447,19.813,19,7.060,1,OPTIMIZED,2026-03-25T10:49:56.7505243
448,19.797,19,7.747,4,OPTIMIZED,2026-03-25T10:49:56.7505243
449,19.719,19,7.453,3,OPTIMIZED,2026-03-25T10:49:56.7505243
450,19.703,19,7.573,4,OPTIMIZED,2026-03-25T10:49:56.7505243
451,19.641,19,6.647,3,OPTIMIZED,2026-03-25T10:49:56.7505243
452,19.766,19,7.160,4,OPTIMIZED,2026-03-25T10:49:56.7505243
453,19.875,19,6.600,4,OPTIMIZED,2026-03-25T10:49:56.7505243
454,19.703,19,7.013,5,OPTIMIZED,2026-03-25T10:49:56.7505243
455,19.797,19,6.633,5,OPTIMIZED,2026-03-25T10:49:56.7505243
456,19.906,19,7.560,5,OPTIMIZED,2026-03-25T10:49:56.7505243
457,19.891,19,7.267,6,OPTIMIZED,2026-03-25T10:49:56.7505243
458,19.953,19,6.553,5,OPTIMIZED,2026-03-25T10:49:56.7505243
459,20.000,20,6.000,6,OPTIMIZED,2026-03-25T10:49:56.7505243
460,20.000,20,7.747,6,OPTIMIZED,2026-03-25T10:49:56.7505243
461,19.906,19,7.033,6,OPTIMIZED,2026-03-25T10:49:56.7505243
462,19.844,19,8.340,6,OPTIMIZED,2026-03-25T10:49:56.7505243
463,19.953,19,8.307,6,OPTIMIZED,2026-03-25T10:49:56.7505243
464,19.938,19,7.033,5,OPTIMIZED,2026-03-25T10:49:56.7505243
465,19.969,19,8.153,5,OPTIMIZED,2026-03-25T10:49:56.7505243
466,19.797,19,7.520,5,OPTIMIZED,2026-03-25T10:49:56.7505243
467,19.500,19,5.400,5,OPTIMIZED,2026-03-25T10:49:56.7505243
468,19.328,19,6.293,5,OPTIMIZED,2026-03-25T10:49:56.7505243
469,19.438,19,6.853,7,OPTIMIZED,2026-03-25T10:49:56.7505243
470,19.563,19,6.700,7,OPTIMIZED,2026-03-25T10:49:56.7505243
471,19.625,19,6.640,6,OPTIMIZED,2026-03-25T10:49:56.7505243
472,19.734,19,6.713,7,OPTIMIZED,2026-03-25T10:49:56.7505243
473,19.813,19,7.007,7,OPTIMIZED,2026-03-25T10:49:56.7505243
474,19.828,19,6.420,6,OPTIMIZED,2026-03-25T10:49:56.7505243
475,19.844,19,5.980,5,OPTIMIZED,2026-03-25T10:49:56.7505243
476,19.672,19,5.293,4,OPTIMIZED,2026-03-25T10:49:56.7505243
477,19.781,19,6.720,5,OPTIMIZED,2026-03-25T10:49:56.7515221
478,19.844,19,5.267,4,OPTIMIZED,2026-03-25T10:49:56.7515221
479,19.891,19,7.140,5,OPTIMIZED,2026-03-25T10:49:56.7515221
480,19.844,19,5.040,4,OPTIMIZED,2026-03-25T10:49:56.7515221
481,19.906,19,5.213,3,OPTIMIZED,2026-03-25T10:49:56.7515221
482,19.953,19,5.907,3,OPTIMIZED,2026-03-25T10:49:56.7515221
483,19.984,19,5.840,4,OPTIMIZED,2026-03-25T10:49:56.7515221
484,20.000,20,6.480,4,OPTIMIZED,2026-03-25T10:49:56.7515221
485,20.000,20,5.607,4,OPTIMIZED,2026-03-25T10:49:56.7515221
486,19.906,19,5.387,3,OPTIMIZED,2026-03-25T10:49:56.7515221
487,19.875,19,7.787,3,OPTIMIZED,2026-03-25T10:49:56.7515221
488,19.906,19,6.820,2,OPTIMIZED,2026-03-25T10:49:56.7515221
489,19.906,19,6.967,3,OPTIMIZED,2026-03-25T10:49:56.7515221
490,19.906,19,5.467,2,OPTIMIZED,2026-03-25T10:49:56.7515221
491,19.984,19,7.233,3,OPTIMIZED,2026-03-25T10:49:56.7515221
492,20.000,20,5.113,2,OPTIMIZED,2026-03-25T10:49:56.7515221
493,19.828,19,6.327,3,OPTIMIZED,2026-03-25T10:49:56.7515221
494,19.750,19,6.167,2,OPTIMIZED,2026-03-25T10:49:56.7515221
495,19.750,19,4.973,2,OPTIMIZED,2026-03-25T10:49:56.7515221
496,19.828,19,5.120,2,OPTIMIZED,2026-03-25T10:49:56.7515221
497,19.828,19,3.660,1,OPTIMIZED,2026-03-25T10:49:56.7515221
498,19.906,19,6.653,2,OPTIMIZED,2026-03-25T10:49:56.7515221
499,19.891,19,6.367,2,OPTIMIZED,2026-03-25T10:49:56.7515221
